Date,MSCI Europe
12/1969,10000
01/1970,9912.999999999998
02/1970,9604.6
03/1970,9725.599999999999
04/1970,9009.699999999999
05/1970,8527.9
06/1970,8627.6
07/1970,9036.5
08/1970,9103.3
09/1970,9201.2
10/1970,9152.5
11/1970,8732.1
12/1970,8935.599999999999
01/1971,9256.363743169397
02/1971,9268.248346994536
03/1971,9571.74962295082
04/1971,9975.061224043717
05/1971,10021.452540983608
06/1971,9986.262918032788
07/1971,10344.466775956285
08/1971,10138.409866120219
09/1971,9764.511901639346
10/1971,9352.529185792348
11/1971,9625.706601092894
12/1971,10081.657967213117
01/1972,10554.617349726776
02/1972,10973.601256830601
03/1972,11238.51768852459
04/1972,11463.001836065572
05/1972,11661.429174863388
06/1972,11035.731672131147
07/1972,11585.797999999999
08/1972,11751.394098360655
09/1972,11082.063592896175
10/1972,11107.969683060108
11/1972,11394.750043715849
12/1972,11286.08307103825
01/1973,11326.424590163931
02/1973,11390.927117486339
03/1973,10960.33480874317
04/1973,11109.249836065575
05/1973,11086.430852459018
06/1973,10639.440382513661
07/1973,9119.846120218577
08/1973,9073.598114754097
09/1973,9256.076114754098
10/1973,9456.684087431693
11/1973,8580.958628415301
12/1973,8554.381106557377
01/1974,9046.777650273225
02/1974,8992.297923497268
03/1974,8319.867016393442
04/1974,8372.282344262294
05/1974,7524.559693989071
06/1974,7320.541112021858
07/1974,7319.351890710383
08/1974,6733.365836065573
09/1974,6177.518770491803
10/1974,6283.85624043716
11/1974,6093.222786885245
12/1974,5988.5064207650275
01/1975,7137.087278688525
02/1975,7946.410680327868
03/1975,7671.05306557377
04/1975,8421.626786885245
05/1975,8202.217459016392
06/1975,7645.441489071038
07/1975,7770.966450819672
08/1975,8261.32631693989
09/1975,7993.083153005466
10/1975,8514.037478142076
11/1975,8763.744131147541
12/1975,9063.417467213116
01/1976,9389.052049180327
02/1976,9061.566295081966
03/1976,8813.184699453552
04/1976,8632.181803278689
05/1976,8311.47557377049
06/1976,8344.5506147541
07/1976,8183.8853142076505
08/1976,7872.204377049182
09/1976,7542.733453551911
10/1976,6818.980639344262
11/1976,7074.968743169398
12/1976,7595.773133879783
01/1977,7680.9356065573775
02/1977,7790.162978142076
03/1977,7805.829540983606
04/1977,8036.551398907102
05/1977,7930.337158469946
06/1977,8019.852590163936
07/1977,7652.743114754098
08/1977,8118.670278688525
09/1977,8495.393754098359
10/1977,8538.88719125683
11/1977,8260.284114754098
12/1977,8357.399016393441
01/1978,8218.418688524589
02/1978,8043.764459016393
03/1978,8144.600360655739
04/1978,8059.679352459016
05/1978,8512.146885245902
06/1978,8489.39606557377
07/1978,9006.718166666664
08/1978,9053.885109289617
09/1978,9295.650972677597
10/1978,9087.415188524588
11/1978,8587.525377049182
12/1978,8902.034295081967
01/1979,9066.917900136741
02/1979,9274.050786925267
03/1979,9866.001974337954
04/1979,10110.549302997902
05/1979,9707.611987494465
06/1979,9873.958919348868
07/1979,9661.685143629904
08/1979,9982.637247805178
09/1979,10372.949712217165
10/1979,9480.097357430046
11/1979,9831.080235760579
12/1979,9633.207015548196
01/1980,10008.090499554246
02/1980,10221.322562287858
03/1980,9222.850587960676
04/1980,10275.639079945064
05/1980,10086.83195547946
06/1980,10644.707996243216
07/1980,10666.38729115514
08/1980,10966.828501084578
09/1980,11115.176944768098
10/1980,11790.53867432873
11/1980,12045.522195659467
12/1980,11916.928060054772
01/1981,11485.022264954405
02/1981,12146.630870028948
03/1981,12384.258364749337
04/1981,12576.91188264556
05/1981,12270.614249173514
06/1981,12433.84974351852
07/1981,12446.184751261246
08/1981,13140.430156785395
09/1981,11359.962701795395
10/1981,11453.891046278139
11/1981,12709.97183036182
12/1981,12449.286031691467
01/1982,12821.12622730059
02/1982,12730.148365313722
03/1982,12920.75611229508
04/1982,13516.432923962991
05/1982,13039.6731818424
06/1982,12677.12374142696
07/1982,13216.503916272242
08/1982,13373.056045149237
09/1982,13801.28640831599
10/1982,14133.664505740522
11/1982,14596.593197608167
12/1982,14697.290298744805
01/1983,14617.191246259908
02/1983,15460.995557064294
03/1983,16319.563061979681
04/1983,17904.2452595153
05/1983,17828.620743106996
06/1983,18701.160545823903
07/1983,18692.51369249582
08/1983,18879.288071185696
09/1983,19218.710175152708
10/1983,18888.70995788248
11/1983,19964.527297937308
12/1983,20623.63126207384
01/1984,21934.639883189582
02/1984,21859.963292444554
03/1984,21635.66915577771
04/1984,21721.919810550437
05/1984,20885.848651658947
06/1984,20845.01879689787
07/1984,20210.199735288163
08/1984,22168.630558168545
09/1984,22869.23435232638
10/1984,23339.412345923472
11/1984,22664.49043955822
12/1984,23728.79973915213
01/1985,25429.37693973816
02/1985,25279.796849189046
03/1985,28264.39173733101
04/1985,27067.50563396492
05/1985,28679.65801828727
06/1985,28514.035746623
07/1985,29681.102128000355
08/1985,30133.479351999704
09/1985,31126.97620284509
10/1985,32459.75748318113
11/1985,34324.60898419492
12/1985,34978.996583813845
01/1986,34913.60831110208
02/1986,37528.43603720417
03/1986,39484.24336878028
04/1986,43385.338446717426
05/1986,38866.24786012433
06/1986,40727.761778766944
07/1986,39200.42155033308
08/1986,42277.89905540855
09/1986,39294.366454438845
10/1986,39100.39937841543
11/1986,41622.25231296571
12/1986,42068.69081309779
01/1987,41296.3612263086
02/1987,42021.712452955486
03/1987,44031.563977583704
04/1987,45164.75310183627
05/1987,44375.73361859617
06/1987,46465.13482711703
07/1987,48728.2417565457
08/1987,49521.888885633976
09/1987,48552.2212123759
10/1987,39042.0436282736
11/1987,35072.22832446084
12/1987,35989.19485326353
01/1988,34878.90160804471
02/1988,38002.40510503362
03/1988,38523.00583533721
04/1988,39008.80980940162
05/1988,38660.53599396304
06/1988,39695.3231961566
07/1988,41791.99220479516
08/1988,40792.435007003674
09/1988,42700.27518678516
10/1988,45505.98143234896
11/1988,44244.97601631601
12/1988,44528.61946060674
01/1989,47974.74893480325
02/1989,48020.24701771488
03/1989,48692.84532590639
04/1989,50323.48582266321
05/1989,49798.76450954271
06/1989,52787.481523656796
07/1989,56429.84039471125
08/1989,56588.20580926232
09/1989,58445.2339482313
10/1989,52558.907742719544
11/1989,54682.725051773385
12/1989,58076.62333985839
01/1990,56225.11424443438
02/1990,54152.60670481307
03/1990,55880.23059678538
04/1990,53700.30362862256
05/1990,57125.51144414673
06/1990,59532.6769881487
07/1990,60170.30505022803
08/1990,51817.839931618684
09/1990,45791.47890002685
10/1990,48196.84947347288
11/1990,47716.68727901147
12/1990,47582.48327683444
01/1991,49305.96422375573
02/1991,52728.09886016545
03/1991,53544.08185116182
04/1991,55805.55350343074
05/1991,58221.92581501649
06/1991,55323.162740149426
07/1991,59233.63156576243
08/1991,58987.04990261692
09/1991,59079.53724447164
10/1991,57761.31922057308
11/1991,54294.074167816354
12/1991,56677.64989150152
01/1992,57060.24413887396
02/1992,58547.408809603316
03/1992,58007.72990186312
04/1992,60656.48351614857
05/1992,62884.2665689862
06/1992,59946.362945914465
07/1992,55054.86723899206
08/1992,53491.63698367778
09/1992,53822.23673844681
10/1992,52149.496774322
11/1992,55538.835934752395
12/1992,56776.19158935697
01/1993,57982.280130454514
02/1993,60106.84722361957
03/1993,63510.04492511917
04/1993,62702.20261330452
05/1993,63533.03377884819
06/1993,64431.876421489804
07/1993,67395.12896976151
08/1993,73869.27255782275
09/1993,70712.05363118321
10/1993,74522.60760505174
11/1993,74872.20451592845
12/1993,80457.79813529708
01/1994,85701.70832852247
02/1994,82348.67360716009
03/1994,78363.60183196397
04/1994,81845.15847756594
05/1994,76681.79088252869
06/1994,74644.57469654524
07/1994,76135.60746472453
08/1994,78640.66103492989
09/1994,74713.00497073455
10/1994,76477.69139374807
11/1994,74641.91169988766
12/1994,76601.45689148775
01/1995,74448.44445142685
02/1995,75301.85690942347
03/1995,75734.43878558856
04/1995,76661.10717859789
05/1995,79439.43419753008
06/1995,79519.27730579788
07/1995,82691.95993411158
08/1995,81902.16057586223
09/1995,85458.81471096216
10/1995,83732.02337453428
11/1995,84509.63897757525
12/1995,88568.5391275231
01/1996,90229.87394249806
02/1996,92401.54684072587
03/1996,93446.77920722445
04/1996,94925.44105477007
05/1996,96819.34801743313
06/1996,97126.30695159966
07/1996,94452.36388405258
08/1996,96373.49534769994
09/1996,99254.18434969417
10/1996,101874.36121012556
11/1996,105663.002225131
12/1996,110093.67345228486
01/1997,113394.91255114411
02/1997,119899.0265532967
03/1997,125208.0233934698
04/1997,125263.08230699584
05/1997,130212.3564046818
06/1997,138263.141040505
07/1997,148769.68828711778
08/1997,144270.3123901679
09/1997,154110.01373729136
10/1997,143872.08261780583
11/1997,143076.52032179185
12/1997,152306.9425628086
01/1998,162296.12505623905
02/1998,174599.42353185
03/1998,187723.12544201573
04/1998,190068.01462715305
05/1998,190964.59196421836
06/1998,194458.87391678273
07/1998,198769.7259182535
08/1998,173059.46589096246
09/1998,158389.36593233154
10/1998,164748.37256883297
11/1998,178534.4503220797
12/1998,185151.65174983683
01/1999,189970.89849880905
02/1999,191299.89964086635
03/1999,198356.27352640926
04/1999,207061.62858034516
05/1999,199774.98007203953
06/1999,205664.62356191827
07/1999,200470.60412794363
08/1999,204824.72084119305
09/1999,201492.48589808855
10/1999,213143.54263080802
11/1999,226609.40716812492
12/1999,251104.19641533372
01/2000,239293.72016624836
02/2000,253768.37308380497
03/2000,264276.8884317603
04/2000,265623.6214834234
05/2000,257278.07679654894
06/2000,255843.14792186866
07/2000,260281.06222037764
08/2000,266950.8826505892
09/2000,258545.87258466138
10/2000,267193.85146230203
11/2000,248950.3148206783
12/2000,248351.09230196
01/2001,248785.6633784251
02/2001,228049.38814956535
03/2001,220979.69870039643
04/2001,235509.96766009647
05/2001,234490.12826984806
06/2001,225625.72684784062
07/2001,219082.13259904878
08/2001,203988.40924503878
09/2001,184174.4247320423
10/2001,191900.15836867839
11/2001,202833.47907598133
12/2001,210035.52515990534
01/2002,203116.92700658806
02/2002,202754.0410826153
03/2002,211953.32215843798
04/2002,203704.22273600876
05/2002,194881.09482922315
06/2002,177026.6415817823
07/2002,160416.93206829342
08/2002,159572.01728441525
09/2002,138200.8219879626
10/2002,151497.13018190334
11/2002,157927.47018373635
12/2002,144073.35572828655
01/2003,133082.44590327473
02/2003,129145.24823554739
03/2003,125899.04866439411
04/2003,139850.0032707915
05/2003,140216.40397014038
06/2003,146461.98516080118
07/2003,150876.51572476747
08/2003,155980.1786897503
09/2003,149250.49209399635
10/2003,159645.8565224997
11/2003,161278.32642533147
12/2003,165734.94094806665
01/2004,171003.26808782088
02/2004,175529.92242556548
03/2004,172758.67205829703
04/2004,175298.09288843896
05/2004,174479.28753108945
06/2004,177438.57322985886
07/2004,174218.2059070439
08/2004,173286.97070284293
09/2004,175908.2862126207
10/2004,177564.35413955207
11/2004,182591.35308615837
12/2004,185768.5066372019
01/2005,190521.94542729724
02/2005,196702.74381137334
03/2005,196083.20324542865
04/2005,191216.4401584952
05/2005,201636.8726547127
06/2005,208454.44623343708
07/2005,216028.8585022998
08/2005,217362.51996959187
09/2005,225520.75428300133
10/2005,218764.35173678183
11/2005,227254.23156512034
12/2005,234691.5618262464
01/2006,243402.276822421
02/2006,248589.70337049317
03/2006,253360.51295001246
04/2006,257104.58317939425
05/2006,243573.86765906148
06/2006,247345.6188929764
07/2006,250054.35787614842
08/2006,256260.30083415972
09/2006,262353.5214584725
10/2006,272829.3999130241
11/2006,271741.8981364493
12/2006,281106.59702863434
01/2007,287482.29766154254
02/2007,280875.5050054996
03/2007,288716.4849505414
04/2007,300873.35147536633
05/2007,309632.4636795315
06/2007,308379.5909589077
07/2007,297365.0154906981
08/2007,294124.58141733834
09/2007,298684.7952529693
10/2007,306805.0738148529
11/2007,290667.16300679906
12/2007,286351.17521759146
01/2008,253903.21916757134
02/2008,252928.48558621772
03/2008,243620.66898844103
04/2008,259102.68658003033
05/2008,260785.54155107887
06/2008,234222.25416014387
07/2008,229720.2343972493
08/2008,233793.53010357963
09/2008,204523.09246551277
10/2008,180593.13664985343
11/2008,168605.51083673537
12/2008,162283.27697725975
01/2009,156736.35429835526
02/2009,142727.9119912509
03/2009,145004.3296435165
04/2009,165633.03017685653
05/2009,174882.66053324618
06/2009,171021.292249815
07/2009,188929.80238746523
08/2009,198959.32419624
09/2009,202917.58958692284
10/2009,198433.35424031125
11/2009,201162.72486888847
12/2009,212944.71454740167
01/2010,206675.27840903078
02/2010,208474.33665682256
03/2010,223483.80216346003
04/2010,220115.42636236953
05/2010,209150.31761839523
06/2010,208204.4938158152
07/2010,218942.5139799247
08/2010,216674.1544958331
09/2010,223429.08475253923
10/2010,229593.30918992113
11/2010,226182.25604347195
12/2010,238486.99246964595
01/2011,241912.34882657215
02/2011,247290.13301336212
03/2011,238790.01356712627
04/2011,246564.1301132857
05/2011,246300.12740787704
06/2011,240444.42876301697
07/2011,235437.75089286087
08/2011,209064.28664470243
09/2011,199169.21811585766
10/2011,215333.27887515412
11/2011,214550.3532730953
12/2011,219055.41847157848
01/2012,225197.02919205182
02/2012,234703.77010798597
03/2012,234842.7787060669
04/2012,231927.608515458
05/2012,216807.23128490723
06/2012,230527.1528003112
07/2012,238928.73668090976
08/2012,242999.53819637804
09/2012,244001.8415941881
10/2012,246347.95458890346
11/2012,252881.52300499904
12/2012,255898.4719835022
01/2013,263740.79343413946
02/2013,264670.2817004666
03/2013,270805.4737328118
04/2013,276781.99034848984
05/2013,278700.95920355164
06/2013,263748.7470151075
07/2013,279012.53683942574
08/2013,276285.169383095
09/2013,290227.499861472
10/2013,299643.6596155454
11/2013,303853.99666818546
12/2013,306599.6109024488
01/2014,300747.8073849172
02/2014,315772.0599785222
03/2014,313114.2544902517
04/2014,319488.10972994025
05/2014,328102.5156065007
06/2014,326541.1152405592
07/2014,320749.7698448167
08/2014,326760.7386027946
09/2014,329613.35880730953
10/2014,322435.2141245163
11/2014,332093.0888054731
12/2014,326749.35889074276
01/2015,350899.8846192414
02/2015,375087.5450218889
03/2015,381446.500421055
04/2015,381823.80768361606
05/2015,387342.9464877385
06/2015,368093.5737461646
07/2015,387274.6197090257
08/2015,351743.0360096753
09/2015,335682.37039854657
10/2015,365791.6135356059
11/2015,373953.9744037135
12/2015,354023.21798466356
01/2016,329688.194211007
02/2016,324733.5386788598
03/2016,330051.6675466813
04/2016,337580.88756980683
05/2016,343088.4233867362
06/2016,329362.5092138825
07/2016,342812.36986692145
08/2016,343237.0648374734
09/2016,345327.5922298386
10/2016,340642.4925940967
11/2016,342978.0096017527
12/2016,364171.79348326824
01/2017,364339.4889471248
02/2017,374188.71433009644
03/2017,385793.04901693773
04/2017,390681.11965725844
05/2017,399002.8716191609
06/2017,388039.90995244
07/2017,388889.8595844646
08/2017,385891.2555615263
09/2017,399266.1072136326
10/2017,406934.2088325835
11/2017,400566.9726990214
12/2017,401724.3803035773
01/2018,407663.97681982734
02/2018,391335.8610171007
03/2018,383269.4216848204
04/2018,401766.1311114357
05/2018,401197.0893478229
06/2018,399909.8664693603
07/2018,410475.28328322264
08/2018,401921.49477616494
09/2018,405966.32553568284
10/2018,383532.3015632374
11/2018,378587.8340660803
12/2018,358232.2150996377
01/2019,380569.7683518468
02/2019,395832.8400361787
03/2019,404663.52490353474
04/2019,419767.2899729635
05/2019,399152.9922202111
06/2019,417393.9749434988
07/2019,417713.9472075356
08/2019,411450.8568960941
09/2019,428354.2946605568
10/2019,431600.30315338756
11/2019,444909.6000950377
12/2019,451918.6995933174
01/2020,447810.0699829479
02/2020,409044.5649226475
03/2020,350639.67639214534
04/2020,374168.5637272849
05/2020,382074.49129572674
06/2020,395409.958615142
07/2020,388077.91914421046
08/2020,400931.647372543
09/2020,395252.2218579561
10/2020,373280.2161864225
11/2020,426505.9311647472
12/2020,435992.36003088974
01/2021,434458.07546998764
02/2021,445630.3925939901
03/2021,474912.7751987793
04/2021,481823.84597622935
05/2021,497011.99220936606
06/2021,503327.7306825901
07/2021,512330.7198840394
08/2021,522578.2862244076
09/2021,508567.4480042375
10/2021,528463.2672997796
11/2021,513645.92259185767
12/2021,549356.5927576356
01/2022,532207.5357424291
02/2022,515191.8774732755
03/2022,519201.0385162375
04/2022,515386.45993679954
05/2022,510856.7737128967
06/2022,474477.8800871376
07/2022,507191.0150159256
08/2022,485010.8488181311
09/2022,454280.4267730278
10/2022,478687.6844707318
11/2022,509287.2773266569
12/2022,495502.0424434651
01/2023,530184.0430332227
02/2023,537514.3818829919
03/2023,537302.7180414789
04/2023,554216.7637209904
05/2023,536254.7630401249
06/2023,552473.2003887943
07/2023,561304.4256164561
08/2023,546725.1005975762
09/2023,538578.9653194787
10/2023,517246.54031064943
11/2023,552074.7472727961
12/2023,573411.3546886403
01/2024,583997.6678264764
02/2024,593691.5307469297
03/2024,616738.4818883105
04/2024,610309.0102516128
05/2024,631969.3498890813
06/2024,626254.1295574014
07/2024,632433.9196373171
08/2024,642008.4204669876
09/2024,638212.3914225396
10/2024,617940.2150389091
11/2024,625937.5520031693
12/2024,620805.8462953281
01/2025,663294.9087351369
02/2025,686473.4098285136
03/2025,658839.5929105022
04/2025,653912.2134790033
05/2025,685784.6811525056
06/2025,677143.5813364655
07/2025,681010.5735276407
08/2025,691641.6235691425
09/2025,700374.7902030728
10/2025,716974.6726420711
11/2025,726727.3999431543
12/2025,743250.2441961827
01/2026,765308.8947553982
02/2026,797982.7715460161
03/2026,738142.2872650895
04/2026,776726.410273889